design_id,expressed,soluble,monomeric,structured,score/res,-logP(contacts|sequence),pnear,nres,sequence
1998469_0000,No,-,-,-,-3.2784833333333334,1.715489024679769,0.8460162530240802,60,TLRIEIEIRNTQPDEKERLKEELKKLKDDHNPEKRKERIERWKEEIKKKNLDIRIQPQPE
1998520_0002,Yes,Yes,No,-,-3.1533714285714285,2.437321937034824,0.7789653165990461,70,TKEKRSDNNGVEFEVRTRDDEETLEKIMRELEKSKGTEELFRKIEEWVRKIEEIKIRVTNGDNHIEREKK
1998925_s005,No,-,-,-,-2.895928571428572,2.1296971279223795,0.4933551777169435,70,SSREELKEKIKEVKKEVEKIKKKIEKLRKDTEKGKIRVEIEVTGEGGLEFRVRIEVEGDREEIETREREE
1998925_s008,Yes,Yes,Yes,Yes,-3.0127,1.59902719733999,0.6788860692434916,70,TLQVDSTREEEIKKIIEEVKQKGGEVEIRITGSGKKRIQEIMEEIKKEFERIGGQISVEDRDGNIRIQVQ
2000240_0002,No,-,-,-,-2.9528153846153846,1.7981545270421633,0.660967168779283,65,TEDIKKWIEEMKKEVKKGGGERLKELLKELEKRIKSKGKTVRIEFQERGRIEIEIEGNIRIEIES
2000240_s003,Yes,Yes,No,-,-2.9114769230769233,2.1840476665304696,0.0006613993457644572,65,EITEKVEELRRRGDNDVDTGTIIIVGDEWIVIRGKEVTYQGTSVSGNEEEVEKLWKKVEEELRKK
2000485_1070,No,-,-,-,-2.612705882352941,2.4998565971079207,0.0016738166534156738,85,QEFRITQENEEVRVGTNEVESNRGNKREEVRGDRQRDLERMVKILVEMLLRDGGSVEIRGKHTDVEVSDGKVRIQLENLTVTVTG
2000518_0000,No,-,-,-,-3.2789333333333337,1.8280935703817436,0.7634545534479406,90,RKVEKLLREFEKEIKEISKGKKTSYRFEIRVSEGDIEIEFEITTTGIRVRIRIGKGNYDTEIEIRGSSSGQDMLKLLEEVLKEIKKYIKN
2000518_0003,Yes,No,-,-,-3.0671222222222223,1.878275477819086,0.7038374792968822,90,SEEVKKIKELVKEISKLIKSVKDDVEMRVEIREGKKVRVEIRFSGGVEIEIDIEGNGKHKLRIRVEGDEKIKEVVKKIEELVRRIQELVR
2000518_S468,No,-,-,-,-3.022911111111111,2.0118840325501344,0.11353301341056544,90,SVRVEIRIGKTRVEIRVEIDGIEIRIELEGGKTEVMKEIEKILRELQRDEDNSSNIEKIIRKIIEILKKLNTGRIRIKVKIENSHIEVRK
2001044_0000,Yes,Yes,Yes,Yes,-3.218433333333333,1.8330470187923988,0.8543526666532053,60,TLDEIEKEIRKWLSQNRTGNLEKRDGELRLEVNNTELRITEGVHREQVKEELKKMEKQHN
2002089_0001,No,-,-,-,-3.4358571428571434,1.918376672145031,0.884160313325475,70,ETRLRVETNGIEVEVRIHNGEVRVRVDIQGDERKGGDIDNQNGHVEINLNLGNHHIRIEYHNGEVRVEVR
2002089_1029,Yes,Yes,No,-,-3.5187285714285714,2.1993721817925334,0.8322860351571332,70,ELRVRHETDGLEVEIRVSDGDIQVVVVVNGKKVEGGDIQDKDGRVEVVLEIDNLRIKMRLEGGTIEIRLE
2002243_1016,Yes,Yes,Yes,Yes,-2.8359384615384613,1.5607784269908422,0.901715826620456,65,TKEIHIDNGSDELKKEVEKLRERQEKGNHDIQIEERNGHITIRVTNGDEEIKEIMKKLEEQLRKE
2002290_S122,No,-,-,-,-3.3241500000000004,2.620412287826436,0.8569619598556266,80,SVEVRGNVEIRGNVEIRGNVVIRGNVEIEGNVEIKGNVEIEGNVEIRGQVHIRGNVHIRGNVEIEGNVDIHGDVEIEGRN
2002308_0000,Yes,Yes,Yes,Yes,-3.2479571428571434,2.159277279499148,0.7931564375917057,70,SEEEIKKEIEKIKEWFKKGEGGYRLEINEDGREIEVEIRSEGTLRIRLDNVHEELKKEFEKLKEEWKKIK
2002308_0005,Yes,No,-,-,-3.039014285714285,2.1012025921380246,0.7131298944072048,70,TRKVTGDGIRIELRGHRLEVDHNGQQHERTQSGSELRKEIDKIIEQLRKETNSESLKELEKVLEEMKKEV
2002308_S695,Yes,No,-,-,-2.8916571428571434,2.409786984162623,0.8530401952071461,70,TIHLELRVNISEEEMKKLKKKMKELSKKDGRVEMDEQRGTREEKVRRLLEEMKKEEEKDGTQVIVIIVVT
2002334_0005,Yes,Yes,No,-,-3.68804,2.1009596340184182,1.0,75,QVRIRIEVEVRNGDIRVEVEVEVNGKEIRVTVTVQTTGTGTIEVTVRVEKNGVEVEVRVEVNNGDVEVRVRVEER
2002376_0000,No,-,-,-,-3.1782235294117647,1.6566520679192367,0.9605390405016976,85,SMDEEMEKLKEESKKIQEVLDKGDMEQLKEEKKKLEETQKELQKESGTEVRMRIRIRIEGNGEVEVELEVRSRSGHRFHTRHELK
2002376_0003,Yes,Yes,Yes,No,-3.0614235294117647,1.9797854597350724,0.8328509909383293,85,RLDELEELKKELEKDRERWEKQTTSSHLEELKKELEKLKKELEKMKGDQTEHRFRTRYRTDTSEYEVEIEITDGQTRMRSREHSR
2002469_0001,No,-,-,-,-3.1741375,1.864353569515148,0.8386853704234353,80,TKHLQSESGMYVEIRENNQIEVRFSDGERREIGDHKEELKKVLEEIKKYIEEMKKKSHTEDQKRWWEQIKEFIKEMKKQF
2002469_S848,No,-,-,-,-3.3316875,2.10654192743314,0.7564295772454745,80,VEVRVHNGEIDIRVNGIRVEVRNGRVEIVVNGQKVEVQGGNGHVHVEVGGVRVEIRNGRVRIEVNGVEVVLDNGQVHVHR
2002486_0006,Yes,No,-,-,-3.2157230769230774,2.3308788834544516,0.7116583612684666,65,RHKRTVGGVRVVVENGRVEVEVNGDRQSTQSTQNGTHTVTVDGVRVVVHQGEVEVEVNGDRQSVK
2002486_1012,No,-,-,-,-2.822892307692308,2.0798601795948515,0.9019659439004,65,STDEELKKIKEYSKKTGDEEMKKEVQKVEEELKKGSKDINVTIDSDGSELRIHIGENSIRIEYRN
2002486_1048,Yes,Yes,Yes,No,-2.7562615384615388,2.0077625086170534,0.7376211342391852,65,SEELKKEIKKIGGSSVVIVTGGDEDTIREIKKKGSDVIIVVVGGNEEVIKRIMEKGQSGQVVKHE
2002544_0000,Yes,Yes,Yes,No,-3.2028,2.2688087440462845,0.8119144728011839,70,SKEDIKKELEKVKEWLKKGEGGYDQDIQQDGTEIRIRIESSGELEIELRNVDEELKKEIEKIKEEHKKSR
2002553_0000,Yes,Yes,No,-,-3.243666666666667,1.8011368883814036,0.8969030385394517,75,TEERKKEIQKEIEKIKEWFKEGQHHRRLEIRIDEHDIEIEVEIRQDHLRIRLRNVDEELKKEFEKLKEEWKKLQE
2002553_s003,Yes,Yes,Yes,Yes,-3.13468,1.5836560085809641,0.9452129637956954,75,IDIRIRHNNGELEIEIRGVTDEYRKLIEEILKEVKKENTEELEVRDDGHHIQIRIRGGREELFKEIQKELEKIKN
2002565_0002,Yes,Yes,No,-,-3.325988888888889,1.9730964635578168,0.9300322776169422,90,TQYREHQDGSHIRVRLEDGRVEVEIRSDGLRVRIEVQDGRTEVEMENVSDSRKEELKKLVKEIQKLVKHVHEDEFKRLIEVIREVVKKLD
2002590_0001,Yes,Yes,No,-,-3.075784615384616,1.6581712659726868,0.9107327934234654,65,TEELKKMIEELKKEGVKELEVRLRDGEMEVRIELDGSHIRLEVRGRSEDEMLEELKKLRQKIRDE
2002590_S567,No,-,-,-,-2.840707692307692,1.619150539790262,0.8740167626289854,65,TEELKKMVKQLKKEGVKELEVRLRDGEMEVRVETDGSSVRLEVRNQSEDKMLELLKELLERIRRS
2002613_0004,No,-,-,-,-2.9509,1.621660741724923,0.8712714462000435,70,KEEELKKRFEELKERQKRGNEEEFRRQLEEMKKESKKIGGESHIDVQWRDGSVKVRIELRGRQREHEVKI
2002713_0000,Yes,Yes,Yes,Yes,-3.0056615384615384,1.3114008014740821,0.9395410095525124,65,TDEDSKEMERIRQELEKRQREGDKETLEKLLRRLKELIEKSQRKEDSEDTKEYEKERQKYEKKMK
2002713_0004,Yes,Yes,Yes,Yes,-2.9888307692307694,1.2778868295813086,0.9797618988092428,65,RQEDLKEIIKILKEGDKEKLKEMEKEVDKQGDQKTKEIIKELKKSLDKGDDESIKEIIKEMKKEG
2002713_1006,Yes,Yes,Yes,Yes,-2.9376615384615383,1.3052552612018358,0.987497501984037,65,HKNEEILERLKETLKKGDKETLEKLLRELEKEGDKETIERVEELSRRQGDDEFRERVKELKRRQE
2002745_0000,Yes,Yes,Yes,Yes,-2.9401176470588237,1.5047683740961002,0.9790438360694352,85,SEESKETQKEVEKTKEELKELKKDMKKRNEDREKEEVKKLEEEIKKLEEQIKEHQKNEDEDELKKRREDLKELRKRLRELREKTT
2002745_0001,Yes,Yes,Yes,Yes,-2.952717647058824,1.4437906178976696,0.7989229994196051,85,EEEKKLLKQVKEELRKLKELEKKLRERDREELRRRMEKERQRIEELLKELEREIRRETSEDHKEIEKDRREIQKELEEIRKELEK
2002745_0003,Yes,Yes,Yes,Yes,-3.0312,1.5275532540839534,0.9897135321027322,85,EELQDEIEKVKREIEKVEEMIKKVSQRTHEQDSRELLKELERIKKEMKKLEENSRKRSKEETKREIQRVREEIKKLKEEVKKQLS
2002745_0004,Yes,Yes,Yes,Yes,-2.8390352941176467,1.5463792985871203,0.9220725889140836,85,TKEELKKLQKEIEKRKKEIEKIKEKHRDNQESQERSKELEKEVKKMEEMIKEIKKDNRSEEEQKKEMEKIKEMMKEIEKEHKKEG
2002745_0008,Yes,Yes,Yes,Yes,-2.7862470588235295,1.422178994180119,0.9715378719987662,85,KEEQKKLKEMVKEVEQWRQEIEERSKNSSDDDKELMREVDRERKKMEQRIKESEKGDDNEMKKHKEEMKKHRKKVEDIYREMQKK
2002766_0000,Yes,Yes,Yes,Yes,-3.1357428571428567,1.3294910006537386,0.9920109044192299,70,SEFQKEMKKLEETLKKGDEETFRELLKELEKRVREHGREDYKEILKRLREYLEKGDKESLQRLFEETKKS
2002766_0001,Yes,Yes,Yes,Yes,-3.1498428571428567,1.3460404069309233,0.9916634424345641,70,SEKERILEEIKRIKEEMKKVKERKDKERLKQIEEEVKKIEEEIKKHEHEDLKEELKKLKEELKKLRKRIE
2002766_0002,Yes,Yes,Yes,Yes,-2.881585714285714,1.4596947835050316,0.9252451282266536,70,DTEEKSKEIRKELEKIREELKKGGDKEEIRKRLEELKKELEKQREKDGQEKTKQLMEEIKKQIKEVEKDS
2002766_0003,Yes,Yes,Yes,No,-2.9366571428571424,1.3637721724251766,0.9883431536196567,70,TKEQLKKELEENRQKIEELIRRKGREDLKEELKKLEESIEKSRRKGREEELKKSKKESERLKREVEKEVK
2002766_0004,Yes,Yes,No,-,-2.743785714285714,1.327173967999069,0.9942044863537742,70,EKNEELMKKVKELYKQVQKEEKKGDKETMKKLSEKIKEILKEFKKDGHEKSERERQKVEEILKSSLERSK
2002766_0006,Yes,Yes,No,-,-2.8708,1.5590763545099082,0.9756941867403404,70,EDEQIKEEIKKIKEEVKKIKKRDKDDEEMKKVKEELKKREKDISNHQENEESKKMLEELKKIKEELKKIS
2002787_0005,Yes,Yes,Yes,No,-3.249613333333333,1.5411027921302072,0.9570935060552132,75,EVEIELRTNREEEIRRMEEVSKEIQKRTGGDVQVRHDNGRLEIKITGTHDEQQKEVKEKVERERSKLTGEIHVRS
2002877_s005,Yes,Yes,No,-,-3.3641222222222216,1.662779789041788,0.7152312852541498,90,TDEENKKEVEKLREKIKEELKKLGVRRIRVDIDVQISDERIEVKIDIEVDHDRSHLRLDTEIRTTNTSSDEVLKEIKKEIKKMLEEFKRN
2002922_1013,Yes,No,-,-,-3.0884125,1.6638600857820245,0.8639959003607397,80,SEEDKKELKKTEKKVREELKKGNKDSHVRTEVQGDDYRMEINVRIKDNSLEVRLQLKNVHEDRREEIERLMEEFKKSLKN
2002922_1018,Yes,No,-,-,-3.131725,1.9413824948291407,0.9533050621106992,80,QEKMERIRQRFEEDLKKDNNMEVHIHLHNNKIELRIRIGNEESRVEVRINGDELDIQVRNSGKTIEELIQRWKEEIKKIV
2002922_s004,Yes,Yes,Yes,Yes,-3.238975,1.4715708502498073,0.8019665673468913,80,TEEEWKQILEEIKELVKRLGVKEVRIEKRDGEIHVELRMDGVEIRIEIRDGEVTIEIRNGTEDIKREVEKVLRRIEKIWK
2002949_0000,Yes,Yes,Yes,Yes,-3.1091076923076923,1.6063368157715423,0.9373841911442099,65,TELEKHREELKEFLKKEGITNVEIRIDNGRLEVRVEGGTERLKRFLEELRQKLEKKGYTVDIKIE
2002949_0007,Yes,No,-,-,-3.0919230769230768,1.5502604758144505,0.966750966206584,65,TTVTVTIRRDSSDRVEEIVKKIQEVVKRMGQDVKIEVDNGEINVHIHTSEDRNVEELERNVRKIG
2002990_0006,Yes,Yes,Yes,Yes,-3.349666666666667,1.5513240597554667,0.9392500271266064,84,SIDVEIRVHTTDKENVRKLKEEVERLTKEHQGETHIEIREDNGEVEVRIELRNVSEETVEKVEREMRKMKKEIGGEVHIRIQKK
2002990_1031,Yes,Yes,No,No,-3.1724823529411763,1.3916041622717243,0.9617864574244841,85,TLRIELEIRTDSEDQIKTVVELVREEVEKMRQKLGGETRIRLETEDDNGHKVVRIEVEVYGGTEESYRRLEKQIREYFEQVQRDG
2002990_1039,Yes,Yes,Yes,Yes,-3.1133764705882347,1.7397843433111502,0.9018267168032016,85,EKVLVVVVKREEEVKKQLEKVRKEGTTVIIIVVIDDDEKREKVLQEVKKTGSDVQVTNSDEDVEKIIREVKERYRNHDVEVRKYE
2002990_s006,Yes,No,-,-,-3.2027023809523807,1.6860077975985892,0.8913421304525031,84,SERELREWKKELKRLMEETKKRSTGRVEVDIRIDKDNNEVEVELRVRLSDNDEVRLEIRVRTDEDLERRREEIERTTEEIERKE
2003048_0003,Yes,Yes,Yes,Yes,-3.237042857142857,1.7327807835902045,0.9863560107538814,70,TEDYKRYHEEIEREVRKEDSRVRVQTKEHNGRLHIEIDINGKRHEFEHENVTDETTKEIIKEIKKEIKKE
2003048_0005,No,-,-,-,-3.1504571428571433,1.9124073791876528,0.9214734812628256,70,TEELKKELKKLEEKMKKVSEHRKIKEELKKDLERLKKKLGITEMHVRYDEDNRRLEIEIKTHNERIHTQG
2003048_1024,Yes,Yes,No,-,-2.846942857142857,1.8337064792297824,0.9281333913497336,70,EEDKYSEQLQRDMEKLEKKGTSEFRVETNGKEIVLEVRDGNDRQEYRIRGVDESHVRTLTKQMEEHVKTG
2003048_1050,Yes,Yes,No,-,-2.771357142857143,1.761107081982287,0.9396139259246512,70,SEVIERIVRIIKEVVDKGETEVHRTVGGVTIVVDNGTITVTVNGDTITVTNVHEEEIKKIIKSIEEVLKK
2003048_S697,No,-,-,-,-3.2285,1.7755196744516812,0.9802554946552834,70,REDELLKEIERVIREVKKQNKERVDLKLDYNGVEIQINVEDGRVEIRVRNSTDETEKFREKMKKRIKEVL
2003048_s009,No,-,-,-,-3.0576428571428567,2.0327897236624577,0.9099859557767394,70,TEEEMEKILEELKEYWKKSSRREETKEYIKETKKKLEDQDSSGRLEIEVRDGELRIRIVSDGRHRETRLE
2003169_S953,Yes,Yes,Yes,Yes,-3.43015294117647,1.355640462931715,0.9255579922853108,85,TVRIEIRFTNMRREEVQKELEKFKERLKELEKRTGSEIRIEIEERDGEVRVEVEIRNSHEEEVRQIIEEIERWVRKMGGELRVEK
2003169_s001,Yes,Yes,Yes,Yes,-3.358647058823529,1.6000755411942431,0.9638852501416252,85,TTYRIENRSTEEIRRLIEKYIKELLERGEKVNLEIRVRGHSEEEMRRIIEHVERIREEVEKKTGRRVEIEIETRDGEMRIRVEIE
2003169_s008,Yes,No,-,-,-3.3222941176470586,1.4306448166558734,0.9333730581490344,85,QDDELEKLRETLERISKKTNTRIEVRIRHENGRIEIRVLMEGVDDETTKTLLELLKELSRRLGISEVRIEVTHRNGRYHVEVELR
2003205_0000,Yes,Yes,Yes,Yes,-3.458306666666666,1.5047390983421844,0.9593507835556472,75,TVRIELEGVDEEIRQWVRELLREVLEKEGGEIELDLQDGHIEIRLENITEERLRELQEKIKKYVENKGGRVEIRE
2003205_0002,Yes,Yes,Yes,Yes,-3.2558,1.4759652244710983,0.9885918929140152,75,EVRIRVETTKDEQQERIRREVERSVREIGGNVHIRRNGNTVEIRVEVTKDEQKERVIKEVERVVREHGGNIDVQS
2003205_0003,No,-,-,-,-3.247826666666667,1.5996332826504158,0.8939788716375694,75,ERRTFRMRNGDTELEMHFDSDNDTVEIRIDTKTDERREELRKHVEEILKHWKRDKNFENLEEEIRRHWEEFKRRQ
2003205_0006,No,-,-,-,-3.0713466666666664,1.7650409564616634,0.8388895639522973,75,SDEDLKKEVEKVRKEVEDKGQEKSTVTVHNEDDGKWMFVTVILKTGTVLVLIQENSSDEEQKKLKEKVKELLKRG
2003205_0008,Yes,No,-,-,-2.9723200000000003,2.025081270419033,0.9374790202804204,75,SETEQSLRDTSQEVQDKTGGETRVEVRDGSVRLVIRIDKDDDKTVKEVEKRSRETKQKILDHDSRIEVRIEIRKG
2003205_1035,Yes,No,-,-,-3.2085733333333333,2.0404339338335475,0.9535605703204708,75,QDDIVKTIETLVKKRDSNSRVEIRKDGKHIYIQVDNGNTRIHIHIDGRKVEIDIQNQTDDFKEIEKEIRKTIKKD
2003205_S506,Yes,Yes,No,-,-3.00692,1.4827526802450433,0.9516741867446344,75,TVEVTVQIDTNDDEEMKEIVRKIVERVSREMSRETGTTTKEVELRKDNGDVELRIRVDSDNEDDKKKIEKWIRDQ
2003205_S722,Yes,No,-,-,-3.1704133333333333,1.7959506171421418,0.844753814771573,75,EVRIRVDNGHLEVEFRNETQDQYERLREVLEKLQKEQNQEMHIRHENGEVRVDIKNLDEKMREEFERLEEKLRQE
2003205_s002,Yes,Yes,Yes,Yes,-3.369053333333333,1.5215128703847385,0.8547457168131122,75,TLNLRIRGSSDETTERIRQEVEEEVRQHGGRVEIRLRNGEVEIRIEGLSDDQLEKIRQKIEERVKEIGGQFRTHG
2003245_0004,Yes,Yes,Yes,Yes,-3.373655555555556,1.574347451435287,0.9158756482038504,90,KVNVRIEVELDREDDRQETVKRIKEQVEELTRRTGTRSEIEVRTHGKRVEVRVEIEVTKDEQEERIMKELEKRVREIVNRKGGRVRIETE
2003245_S383,Yes,Yes,Yes,Yes,-3.3366555555555566,1.4540475443412764,0.9720645585364645,90,TVTVKVRITSSDEKTLQELVKRVVKYVKELVKKVGGEVHIEVRKHNGTVLIRVDIHIDSEDEQRKVVKNIQEFVKKQSEEQGQETEVRVH
2003245_S385,Yes,Yes,Yes,Yes,-3.2346444444444438,1.4665147231024698,0.8875607828199882,90,EEVVVEIRIRVQREEKVRRLIKRILEEVKRESNSVEVHVETRKRNGEVEVHVRIRHDDKETIERLVERILREIKKLDKNSEVEVRTTTKR
2003265_0007,Yes,Yes,Yes,Yes,-3.264125,1.4542647090068377,0.9594060802092024,80,EVHVNIRVETTKDEQTKRVQKDVQETVEKLGGEVHIRRHGNLVEIEVRVTEDNWVKKLKESVRETVEKLGGRVEFHVQKR
2003265_1034,Yes,Yes,No,-,-3.248475,1.4076117527976426,0.9864001081193584,80,TIEVRVRINNEELVKKIVTQVLELLKKLGQDVEVRVEKHGSTVEVKIKIDTEEVVRRVKKLIEKIVKKEGQEDVEIEVRQ
2003265_S115,Yes,Yes,Yes,Yes,-3.267575,1.6186356899218737,0.9370435445715378,80,EIRIEIRVHREDLREKIIKLVKKIVKKESSSVDVQITDDNGKVLVVVRHDEEDQMERIVRKIIEQILRDHSEVEVRLEKR
2003265_S714,Yes,Yes,No,-,-3.036325,1.609823974147298,0.9102136515073618,80,TEEMRERMRQGQRITIRLENQSEQQIKEVLKLLLELDVTKITIRIKGQEHTVNNVTREELKKLMKEILKENSSEVEIRLE
2003265_s003,No,-,-,-,-3.2697875,2.1424873918953997,0.7166690739911782,80,TKREEDRIVETFKKMLEETKKKNQKRTTKDDNGIRLEYESETNRFRIEIGSQRHETTSSEREEETEKSLRESIKEILRRQ
2003265_s005,Yes,Yes,Yes,Yes,-3.2605875,1.4897658378176857,0.903593290374323,80,QVHIVVELRNGREEDKKRIKEILKEIRKRLGGSMEINERNGRIEVRIENGQDDLIEEFRQRVEKIMKERGGEVDIQVDKQ
2003265_s008,Yes,Yes,Yes,Yes,-3.2652,1.7226755261557358,0.9274697378729492,80,TDELLERLRQLFEELHERGTEIVVEVHINGERDEIRVRNISKEELKKLLERIREKIEREGSSEVEVNVHSGGQTWTFNEK
2003285_0000,Yes,Yes,Yes,Yes,-3.267707692307692,1.3740595426821334,0.9767047656676484,65,TVTFDITNISEEQRQRIEEYVRRISKKEGTEVRFEKRDGQLEIEVKNLHEKRKREIEEYIERVLK
2003285_s000,-,-,-,-,-3.1869538461538465,1.4288691440751733,0.9816861142451266,65,EKRIELHNVHEEQMERIEKKVRERVKEDGGEVHIEKRDGELEIRIRNLHEETRKELEKEIEKILK
2003285_s005,Yes,Yes,Yes,Yes,-3.1226615384615384,1.6137803996706177,0.9550630076090246,65,EVRTEIREDNGNVELRIDIDGDEIRVEIDGGESEQVKEWLKELEELLRKGDKEELEKQLREYKKG
2003285_s008,Yes,Yes,No,-,-3.0227692307692307,1.8066748485159296,0.948514841131555,65,EDLKELSRQTKEQLERNGIEEYEIRIRNGKLEIRVKKSSDETRKELQKVQEESKNRGQEVETKEE
2003308_0004,Yes,Yes,Yes,Yes,-3.2630000000000003,1.6263330497941892,0.8517056483593061,85,DLKETLERIKEQLEKWREEWHRKRSDVRIDIEIRLHNGRIRLHIHIDINGEHVHIEHDLDTTDTKTIEEELKKLKKEVERELKEK
2003308_0005,Yes,No,-,-,-2.997470588235294,1.6332331245133411,0.8816109682653525,85,EDESKKIEEMVRRLKEEFERKENTDLEIRIEIRHHNGNITIRIEVRLGKKNKTWEIEIRYHNHDQEWVERQRKELEERIRRYMKD
2003308_0009,Yes,No,-,-,-3.0242352941176467,1.819726320002519,0.8850114243682622,85,KKDEIRKSIKEVKKEVEKQDSSGEVEIRESNDHIQIRIRSGNSEIEVRIHLRKNTVDIQIDNSRKESSERIRRRLEELRKRIESQ
2003308_1010,Yes,Yes,Yes,Yes,-3.1841058823529416,1.5747955392516126,0.9627158328470866,85,RQEELSKEFKRRLEKLTEEIRKRQGGDIQTTIQIHKHDNHWRITVQVHNKKHNKEVRTTIHIGEDEEQTEKEFERIMREIEKKIE
2003333_0000,Yes,No,-,-,-3.21624,1.6084496186438488,0.947833423129251,75,DIELRFEGGDEEVERRLREWSKEVRKKSGTTTELRHHNGDFQLRVENGTDQIREELREWSERLSSQKGGRTEVNG
2003333_0005,Yes,Yes,Yes,Yes,-3.1986933333333334,1.3420825935046499,0.8308504553602791,75,TILIRIQGRNDEEHEKWREKIEKWVKKGTGEVRIEHKNGTIYIEVRGNSEELKRQMREIVERLRREGGEVEMREH
2003333_0006,Yes,Yes,Yes,Yes,-3.269333333333333,1.4977524012510015,0.981886225342465,75,GRQEKVLKSIEETVRKMGVTMETHRSGNEVKVVIKGLHESQQEQLKKDVEETSKKQGVETRIEFHGDTVTIVVRE
2003333_1006,Yes,Yes,Yes,Yes,-3.235173333333333,1.7827518453036977,0.9421522086203976,75,SEDEEMKKIEKQIREELKRDKTNVHVKYTNDDTGTHVEFHIHNGDLQMRIDNGHEKMEKKLRELYRKLKEELERD
2003333_1013,Yes,Yes,No,-,-3.02252,2.1069946082492885,0.9151673436099432,75,ETDVNVGKTTMEVHSKDTNTELDIRNDRVRLRSTRLDEDELEKMRQEIKKDLKKSRHEEQLRRIVERIQKELEKK
2003333_s001,Yes,No,-,-,-3.264253333333333,1.6581464611337973,0.9829616140220616,75,RTEELEEETKKELEEIRKVQEDEEIKRQVERMERELQKSGTEVEVRMTQDDNGRWHIRVRIRDGSEERTIEHTIE
2003333_s003,Yes,Yes,No,-,-3.278906666666667,1.6424448759705337,0.9635161072549157,75,REKEIKDRLEEHYKKGTTVRIHLSGLHEEEIRRYIKEIEKEVRKWGGQIHVDEQDGRFEVRVTMDNREVRIEMTT
2003360_0005,Yes,Yes,Yes,Yes,-3.379633333333333,1.3938983718040152,0.9326334316894038,90,TIRVTVVIRSSDRSESEKISERIKREVERRTKEEGTQVEINIEEHNGEVRIEIKIHGTKEEQERRIVKEIKKMVEKITKEHGVEVTIKVE
2003360_1013,Yes,Yes,Yes,Yes,-3.2842,1.6752076184519644,0.9076440373002056,90,TEMLQIIHEIMELLRRGRKLEEIKKELEEKVKKENSNIRIEIRTDEHRIRIEIDDLNVEVHIDLRNDRIEIRTDDESLRKKIEEQLRKWT
2003360_s000,Yes,Yes,Yes,Yes,-3.4817555555555555,1.4200041235912737,0.9538645933237198,90,TRELYVEIRGGDKEEIKKLIEEIKRESERLEKEQGGEIRVEVRDHNGNVLIRVEIRGGRDEEIKKMWEKLEKRIKETVKKLGGEVNIQEK
2003360_s002,Yes,Yes,Yes,Yes,-3.4034555555555555,1.5946316657068995,0.9189352605525962,90,EVEIRIEIRGGTEETLKKMKEWLKEIEKEMRKDNGRIHIRIEERDGEINIEIRIKKGKEDTIKELIKKLEKWREQLSKEHNIEIHIEVRE
2003360_s003,Yes,Yes,Yes,Yes,-3.4389,1.7483225975394583,0.8608192135627611,90,TRTTKEVKERLEEILKEIRRSRKRGEDRHFRIDVDVSDHGIRVEIEINVDTSNHTVEIRVDVQNLDEETKKKLEEILKEFKREVEEILKK
2003360_s004,Yes,Yes,Yes,Yes,-3.4088666666666665,1.6843183389364529,0.9579195942820096,90,ETRERVEKWIEEILRRIEEIIKKVTDKEQIEKEIRKLEKELRERLRQEDSNSRLDIDVQIDQQDNSMEVRVEIRVELDGHEIRRRLNVTN
2003382_0002,Yes,Yes,No,-,-3.1553571428571434,2.1042870230109534,0.9253192630807006,70,SEVRRRKNGIEVRVDQDNHRFEVQVDQHNQRREIRGGTEQHMEELKKESKKLGQETLRELLERTWRDYQE
2003382_0004,Yes,Yes,No,-,-3.046028571428572,1.8916960898425392,0.919593612997362,70,SEVDETSKKSREVIKRGQSGVTIETDSRDTGSRIEINIDMDNGEVRVTVSGNDEETREELQRRSEEQLKK
2003382_0009,Yes,Yes,No,-,-2.9700857142857138,1.9201603420842503,0.9050640339944722,70,TMYVTTETRRMKELKKEHSDHKVLQITSDDDRKKVIEQIKREGQTELQVEGTEDESTRQISKETGTQTSK
2003382_1021,Yes,No,-,-,-3.136228571428571,1.6951101480192023,0.7855797341544445,70,SEETKKRVEELKKEILSRAQRVEVHITIDGEDVRIEIRNGNETYEIRRRKIDDEEREKIRKHFEEILKRN
2003382_s005,Yes,Yes,Yes,No,-3.1502142857142856,1.6833130084342118,0.9756616641191426,70,EFRLTSGRNDDVREYLKQRLKEGTTVEVRIDNGSDKQIEEIIRDLEEQTRRDGGELDVEKRNGDVRIEIR
2003382_s008,Yes,Yes,Yes,Yes,-3.2080428571428565,1.6648283084978346,0.9425564791309446,70,TTIEINRHNQDEETRQRLEETIKKIEEQVRRRGGRVDIRIEKRDGELRIEIDIENSDERVKEYIEELKKL
2003414_1018,Yes,Yes,No,-,-3.1777176470588238,1.9264855033430324,0.7907931330168593,85,SEDEERIEKWFEKVVEDIQRDKSQHFQLDTGNIEIRIRVDGDEVEFEVRIDGRHLHLDIRNKDEDQLREQVRELIERLRRVRREH
2003455_0001,Yes,Yes,Yes,Yes,-3.4486923076923075,1.3806126964898058,0.9977585503335892,65,TVHVRLTNLSDEQLEKIKKMLEEYKKKFGVDMRIDIRDGEIEIEVRNISEEKERRIRETLKRLHN
2003455_0002,No,-,-,-,-3.1460153846153838,1.9649424321286888,0.9899096902804522,65,DEKQKELDKHFEEIKKKLTGSSSTKLIKELQRLMDEGQEDVRIEIREHNVEVRFDGRNGTVEIRG
2003455_0009,Yes,Yes,Yes,No,-2.674061538461539,2.048396207597635,0.7015487720067812,65,TEDTKKEMEKSRQSSGTNNLTVDVDTDNNKVRIDIQNGNERREIEVRNMSRENTKRTSEQIQKDS
2003455_1023,No,-,-,-,-3.2630967741935484,1.3574521985152723,0.9633751781199538,62,DTRIELEGVEERVVREVIEEHRRKTGTDVEIRNKNGRIEIRIRNMHEEEIRRIKERILKQTQ
2003455_S886,No,-,-,-,-3.1258000000000004,2.5344018413593936,0.8390865287171926,65,RLDEWREKLKELRDKITRLDELEKRIREEISKHSDSVEFRRDEDNRELEVHIRVGGKDLDVRLSN
2003455_S943,Yes,Yes,Yes,No,-2.8994615384615385,1.8289624253431709,0.8658222193606934,65,TIRVDIDGKEIEHKGQKDEKRERIERLLKEEGSKRIETETRDGELYVRVEGSTERLQKKIEKELK
2003455_s008,-,-,-,-,-2.9044615384615384,1.9566676294868048,0.8708840782567469,65,TTIELTNQDEKQLREMFKEFLRQGDKEFEIRLNVKGQTHQNRQENSSKDEFEKELEKLKELIRRT
2003485_0000,Yes,Yes,Yes,Yes,-3.319175,1.404120097908051,0.9678645785849213,80,TVEVEVEVKGGDEEVRKEIEKVVKEHRDKRGGRIEIRKHNGRIRLEFNGMSDEDIKRILEKIKEIVRERGGELNVRTNKQ
2003485_0002,Yes,Yes,Yes,Yes,-3.308825,1.609095794339272,0.985656701223012,80,SELDERLKEVLERIMRQIQKDTNDEEQRERVREQIEREIQKMKDEGRSHHTIEIRISKTNMRIEIHIDVSNQRVEVRFEK
2003485_1017,Yes,Yes,No,-,-2.8915,1.7639341531034642,0.9031754443080378,80,EDDEKRMEELMRRNIEELRKKITNEEQLRRLIKELEREMRRNIKEGNERSTHTFRSSTHGVEINITMDSKNGQTRVDVQG
2003485_1029,Yes,Yes,No,-,-2.997575,1.676026392177986,0.9746664645029318,80,GEVNVTITVERERKEKVDREVEKMVREIQELIKRLSNNIRVDIEVNTHNGRTEIRVHVEVTEERLEKDVREMVEQVRQKS
2003485_1036,No,-,-,-,-2.9009625,1.5965106035260463,0.9194942441410938,80,KQEEEIKKMKKEIEEQMRRRNSNSRVEVRVEKRSDGHIRVEVRWEDRENNQTSTIEVTIGKNEEDMKRQFKEVKERMREL
2003485_S412,Yes,No,-,-,-3.13235,1.7570518927672985,0.9484333568567764,80,TTRVEIVHTNGRFHMEVDVNGKEIRIERENVSTDELRKMLEELRKELERQGSDEVDITTRNGTEDLKELIKELLEELKKN
2003532_0000,No,-,-,-,-3.3362266666666667,1.5766292040573142,0.8745431772087495,75,TRVEWDDDQDNNRYHIKIHLSEHNKTWHLEWQDQSKEQFERLLRELLERFRQETTNQEEQEKVREELRKFLEKYR
2003532_1020,Yes,Yes,No,-,-3.248493333333333,1.4446132464117207,0.8854768280222066,75,TEEEWRRVKKELEKLFKKLGMEHFRIHFEQGEDHHRIRVETKNSTQEQRERVLERMKRLFQNLGLEDVDFEFHHS
2003532_1022,Yes,No,-,-,-3.1434266666666666,2.0390278638861843,0.9445800609783248,75,TDDELEEIRQRLEKETDSEVRIENNGEKIRIEVETDGSRIVVLVRNGSQEELDRDRKRILKYLKKGETDVEIRRE
2003594_0000,Yes,Yes,Yes,Yes,-3.53357,1.4431642166030465,0.9372031394991082,100,TEVRIRIEVRNVSREVVKRIKEWVERMRREIERQVREHGGDVEIRIEERDGRVEVEINVRNVHEELLRRIEKMIEEVIRRIEELVKRQGGELRIEREERN
2003594_S028,Yes,Yes,Yes,Yes,-3.486553191489361,1.7402003885975572,0.972903815181956,94,KMVIVIHVDGRIVVIIVENVSDEEQEQLIRVVQEEMKKFGGRVTVHRNQSDEDIKEIIKEVERQVREKGGEHKVVRQEKITEEEMRKLVRKIWN
2003594_S603,Yes,Yes,Yes,No,-3.25455,1.889153271731664,0.7418922574157021,100,TLVVFHNGHVVWLRNTSEEFQRRVEEYVRRQGGEVHKNVSEDRLKEIFKRVLKQGGTVWIFIWNSTEEEQRRVEKIQREVGVERMHLHTNGSLDDVFKVI
2003594_s008,Yes,Yes,No,-,-3.3805,1.831738065958968,0.6805083652920505,100,SEEERVEEWFRQQGSTHHEIRNENGRVVFRVRNVSEELFRLFLKLVKEWWDKDKSSEIRVRDENGTLVIVVRSGGVDYVIVFENVDDKYREELKKLLKKL
997258_0001,Yes,Yes,Yes,No,-3.3604861111111117,1.582212646962921,0.9846716831606208,72,SVEDEVKKEREKVREHVEELKKKDPEKGKEGEKLLEEAKKRVEDIKKGSHPEQRKQYREECKKYREECKKLK
997258_0004,Yes,Yes,Yes,Yes,-3.2556666666666665,1.5098540948949772,0.920643849855719,72,PKDEELKKMEEWRKKLEQIRKENPHPETEKELKKIEEELKRIQEEIKKGNDDEREKGKELEKEIEKRRKDCR
997523_0000,Yes,Yes,No,-,-3.084442105263158,1.4715981386091077,0.8268786366678345,95,HETEERFEQLKRDIEQWREEIKKQREEVKKGDPERQKECLENCKEFLKEMEKHIKEGEKLVQRTNREESKKEREKLKKLREEGKKEHEKVKKQIK
997523_0003,Yes,Yes,Yes,Yes,-2.743410526315789,1.6082623693306757,0.8763388758478723,95,SRSEEYLRRCEEYWRRCEEYWRRCEQYHRDHDHDESKKYRDECKKHRDECKKHRDKCKEHRDRGDEEGCRQRMEECRQRMEECRQRMEECRQQKK
997523_0005,Yes,Yes,No,-,-2.8059684210526314,1.8849002582726764,0.940567031730626,95,PDEELKKIEEERKKCEETSKELSKEGLKRGNEEEVKKCEKEMRKYIEKCKELLKEGKKRKKEGRNTRDECEKYREEIKKYREECKKLCEKLKKKG
997523_0006,Yes,Yes,No,-,-3.0750315789473683,1.5860014844820047,0.8497158508107737,95,DPSEVIKEYKRRCQELLEEVKKELEKLKKQHEDEQVKEIQKLLEQVKKELEKLKRTLKKEGGTDERQVKEGEKDIRQLKKEIKKRQQDIKEIRRE
997523_0008,Yes,Yes,Yes,Yes,-3.0710210526315787,1.7767780060610534,0.9056202551017668,95,PKEEVVKELEKILEQLKELIKERPTQLGEEIKKVIEHGKEVKKLIQSDRLDEGIKGLKELIKLFKELKKIEKSEVSKELEKLIEQLKELIKKLKN
997523_1003,Yes,Yes,Yes,Yes,-2.917768421052632,1.9310459373313995,0.9134650078224325,95,PEEGKKYLELVREYHERCEKYRDELQKKTHPNHEEVKECDKRRQDVEQMYREILKEIQKIKDTGTKQDEYYKEMRKYVEKARQYMEEARKHRDNG
997523_1040,Yes,Yes,Yes,Yes,-3.2232210526315783,1.5578247825191829,0.914393975792804,95,NEEAKKVEKELEKIKEQLKKIEEKIRRVSSQDQKKLKEIEKELRECEKKVRELLKELEKEKRKDTDQDEIKRVEKECEKVLREIEKRRKDIKKIE
997791_1027,Yes,Yes,Yes,Yes,-3.125973333333333,1.5298773468693152,0.9478047570795473,75,PELEKLKEELKKVQKELEKIKKEGRGPEEIKKIEEKLKKIEEEVKKIEKDPRSEKVEEVKRRLKKLLKEIEKLQK
997915_0000,Yes,Yes,Yes,Yes,-2.960542857142857,1.5617861859920363,0.8751946600195717,70,TGTEELKKCRQWLEECRKEVKKGQHEEYKKELEKLKQWLEECRKRSDSSSQEEELKKIKEEIKKLLKKLG
